patient,B lineage,CD8 T cells,Cytotoxic lymphocytes,Endothelial cells,Fibroblasts,Monocytic lineage,Myeloid dendritic cells,NK cells,Neutrophils,T cells
TCGA-3C-AAAU,6.6786804,4.169925,4.0260186,8.575022,13.236769,8.196493,4.3771563,2.3048348,5.432458,5.0429673
TCGA-3C-AALI,6.3802867,7.70044,5.613786,8.068847,13.912173,8.978955,4.9148045,3.2264857,4.908133,7.3672724
TCGA-A1-A0SK,5.3772388,8.108524,3.1702173,8.2233305,12.464014,9.2288885,2.4482777,1.7503519,4.2001905,4.616442
TCGA-A2-A04R,3.2962518,3.0,3.6720119,8.901048,14.29753,7.5281544,3.7403588,1.977098,5.76159,3.8273847
TCGA-A2-A0CK,5.551218,7.228819,5.1822095,9.35979,14.117596,8.989629,5.614169,2.2644415,5.3820543,6.840258
TCGA-A2-A0CO,9.676041,8.139551,5.772654,10.447565,14.993303,9.785333,7.3705177,3.4573438,6.677557,8.732087
TCGA-A2-A0CR,10.462852,10.6510515,6.854649,9.271077,14.477887,10.042145,8.492776,4.233962,6.4923296,9.500994
TCGA-A2-A0CT,4.007926,5.2479277,5.118477,8.705515,13.39617,8.586923,4.7492085,0.72591937,5.486968,4.056879
TCGA-A2-A0EN,8.634614,9.172427,6.7857013,10.533428,15.269051,10.96078,8.962524,4.4838524,6.4403515,8.727085
TCGA-A2-A0EP,10.538389,9.011228,7.415505,10.552685,15.400488,12.06866,10.781158,4.5603004,7.6307077,9.942003
TCGA-A2-A0ST,11.32407,9.442944,7.2084403,9.444938,12.844181,11.64217,11.078334,4.7291884,6.7124653,9.449288
TCGA-A2-A0SV,4.567318,5.523562,4.642613,8.609225,15.451521,11.913971,5.660834,3.0535614,5.9532776,6.7531505
TCGA-A2-A0SW,8.597542,8.748193,6.614975,8.642867,13.776322,10.590346,5.513309,4.097083,5.2054434,7.7337365
TCGA-A2-A0SX,9.557896,8.679481,6.621041,9.310459,14.699003,11.322309,8.314976,3.9985538,6.8238254,8.983732
TCGA-A2-A0T2,3.058084,7.5698557,4.4529014,8.592554,14.176324,9.245261,3.601366,2.9999428,4.830997,5.839975
TCGA-A2-A0YC,4.9997063,6.523562,5.917928,9.640409,14.519937,10.239382,7.542577,2.5748022,6.437999,6.526527
TCGA-A2-A0YJ,3.022993,7.748193,3.123759,7.4267454,12.844927,8.581034,4.830245,1.7492942,4.387202,3.9508748
TCGA-A2-A1FX,4.3851023,7.383704,5.1696997,9.825742,14.497598,9.88167,5.285653,2.5162258,6.429636,6.740846
TCGA-A2-A25A,7.2358055,8.771489,6.4897695,11.718083,15.916474,10.656079,8.372787,4.045741,6.833666,8.020175
TCGA-A2-A25B,5.251579,6.820179,5.155543,8.582469,13.952584,10.231229,4.665598,3.587484,5.2713537,6.6468573
TCGA-A2-A25E,7.7335663,6.169925,4.648305,9.282287,13.6765585,9.655423,6.480975,2.9169228,5.6026077,6.5133505
TCGA-A2-A3XS,8.540861,9.087462,5.8454094,9.491362,14.245324,9.780213,7.040023,3.7020423,5.6218357,7.719298
TCGA-A2-A3XT,6.080902,6.894818,4.6260886,8.747675,13.933946,11.757356,8.881276,2.4224033,6.031094,7.8515096
TCGA-A2-A3XU,3.3090851,4.4594316,3.4138186,6.912345,11.863968,9.102788,3.5416348,0.73836136,4.030642,3.798431
TCGA-A2-A3XY,8.679058,7.5157,6.735496,10.233925,15.808982,10.832162,8.120832,4.061631,6.31546,8.739646
TCGA-A7-A13E,3.6028895,8.33539,4.664373,8.259381,13.329187,9.231978,3.2343254,2.2574182,4.498504,5.24638
TCGA-A7-A13G,2.7371576,4.321928,3.0403144,8.601879,13.499685,8.637668,6.8330827,2.8470218,4.834682,3.977447
TCGA-A7-A13H,6.2543993,7.936638,5.6257744,9.2669,14.47671,10.963454,7.956108,2.8251085,6.5483303,7.966685
TCGA-A7-A26H,7.161573,7.794416,5.5800624,9.530572,15.382083,11.597511,7.547452,3.2035415,6.263906,7.289277
TCGA-A7-A3RF,3.0809605,4.4594316,3.7700868,8.6529875,13.580442,7.8694534,3.8025303,1.759602,5.123677,3.730948
TCGA-A7-A425,5.517913,6.4594316,5.198397,9.408211,14.91128,10.038058,6.8003197,3.1681294,6.645875,6.222079
TCGA-A8-A08O,5.680268,5.523562,4.231461,8.56948,14.836533,8.261454,5.0118036,1.8689106,5.367993,4.9069943
TCGA-AC-A23G,3.5761456,6.087463,4.201415,9.316548,15.546101,9.088766,6.656488,2.040593,4.844282,5.3301706
TCGA-AC-A23H,4.579833,4.9068904,4.378473,8.729333,14.305893,9.780652,5.2479963,2.0988827,6.698405,4.935895
TCGA-AC-A2B8,5.8767138,8.326429,6.380771,10.564315,15.133765,10.8813505,6.5035386,3.161916,7.303532,7.6317186
TCGA-AC-A2BK,4.799403,5.9541965,5.408096,8.23701,10.760213,9.133749,2.915863,1.5564014,3.9935908,5.2558894
TCGA-AC-A2BM,6.342188,6.7548876,5.41475,8.372344,13.622349,9.572379,5.9262223,3.2055073,5.0548916,7.4578896
TCGA-AC-A2FE,6.521638,9.763212,6.97195,9.811468,15.21755,10.933328,8.304192,3.6472626,7.2812753,8.855053
TCGA-AC-A2FF,8.777307,8.771489,6.30708,11.039606,15.492793,10.417632,8.563314,3.912139,6.7254095,8.126234
TCGA-AC-A2FG,6.0250807,7.357552,4.998359,10.243196,14.903357,9.6837635,7.446264,2.9607956,6.2971783,6.5664673
TCGA-AC-A2FK,6.30629,7.6865005,5.592171,9.821196,13.742493,10.04807,7.222955,3.0045216,6.5413213,6.735348
TCGA-AC-A2FM,4.083756,5.2854023,4.2286787,9.252104,13.292814,8.350952,4.2547245,2.6960838,5.991636,5.5141745
TCGA-AC-A2FO,9.3444195,8.321928,5.990274,9.862582,14.671056,9.863861,8.0180435,4.114834,6.3782825,8.123671
TCGA-AC-A2QJ,3.3250473,5.9541965,3.7037358,7.8881397,15.770829,10.359593,7.382882,1.2845156,5.8946834,5.8518853
TCGA-AC-A62V,2.9364376,4.087463,3.3437238,7.63077,14.3426895,8.622636,3.5104377,1.0161604,5.142782,4.446749
TCGA-AO-A03L,6.194461,7.9307375,5.4412417,8.886227,15.037464,9.359406,5.9595366,3.399753,5.5297112,6.973946
TCGA-AO-A03M,8.5543165,8.810572,6.061579,9.548237,14.427448,11.052148,7.712102,4.4658675,6.0043745,8.367052
TCGA-AO-A03N,3.3283732,5.044394,2.9429812,8.47539,14.231665,8.680038,2.622488,1.9961509,4.6986103,4.5521417
TCGA-AO-A03U,5.003938,6.2854023,7.407463,9.346191,14.5669,11.561852,8.965024,7.674938,6.969441,6.3689017
TCGA-AO-A0JA,5.0337954,5.807355,4.552372,9.251103,15.194445,10.198161,5.411956,2.62907,6.1291533,6.576056
TCGA-AO-A0JD,6.0050845,6.357552,4.921399,8.280123,12.6974535,9.728795,7.4993973,2.85933,5.8620267,6.3490915
TCGA-AO-A0JE,6.0727553,7.665336,6.3351517,9.386425,15.21876,11.144806,7.068576,3.6318665,7.1738834,7.8414454
TCGA-AO-A0JF,5.132664,7.8641863,5.604858,10.74952,15.161099,10.160762,8.452173,2.8381321,6.6533866,6.632461
TCGA-AO-A0JJ,8.382506,8.83289,5.863621,10.063135,14.983633,9.98344,7.7773895,3.1989412,6.7252727,7.692711
TCGA-AO-A0JM,4.1876316,4.321928,3.8336217,8.245878,14.590885,9.214285,4.255025,2.261703,4.503672,5.5796967
TCGA-AO-A124,4.505057,10.554589,5.16832,8.161282,12.7868805,9.788784,3.2654228,2.4480762,5.1446633,6.1571503
TCGA-AO-A125,2.731141,0.0,2.9459302,8.403405,10.015935,6.9392056,1.7192379,2.376185,5.6752462,2.847055
TCGA-AO-A126,3.3496635,6.426265,4.1841536,9.530667,15.4745,8.7810955,5.3256426,2.1017227,5.063831,6.233696
TCGA-AO-A128,8.512678,10.954924,8.763396,8.535473,13.484284,12.741361,6.0726104,5.9972286,6.9783664,10.173904
TCGA-AO-A129,9.340855,8.330916,6.6166997,9.054651,13.901463,10.185319,6.475464,5.223079,5.506034,7.920134
TCGA-AO-A12B,4.2736826,5.044394,3.7202237,8.021617,11.789971,7.7304444,4.490458,1.180368,5.2537155,4.675023
TCGA-AO-A12C,4.883315,4.2479277,4.114328,9.391241,15.333168,8.623945,4.436752,1.8975276,4.40729,4.6883974
TCGA-AO-A12E,5.3159237,5.70044,4.903886,10.132559,14.268582,10.44616,5.6671076,2.049843,6.9415407,5.949622
TCGA-AO-A1KP,3.5087414,3.7004397,3.0581527,8.158855,13.436233,8.132113,4.873723,2.4344034,5.455762,4.687928
TCGA-AO-A1KQ,7.4244976,8.357552,6.038182,7.9057484,13.2113285,9.42828,5.2567015,3.0377529,5.665311,7.2350492
TCGA-AO-A1KR,5.131758,6.7142453,4.917739,7.214135,11.490659,7.4761224,3.9977012,3.201187,4.3071265,5.6276674
TCGA-AQ-A04L,3.853118,3.7004397,3.6791923,8.380996,14.234679,8.671083,2.5873275,1.4180369,5.2713776,5.2369914
TCGA-AR-A0TP,2.9118426,8.774787,2.6279445,8.232698,13.0460615,8.757939,4.046184,2.5390372,4.2790365,4.145057
TCGA-AR-A0TQ,8.544668,8.668885,6.578782,9.462464,14.09296,10.562312,7.2940583,4.117479,5.7509785,8.211382
TCGA-AR-A0TT,9.712237,8.771489,6.3556895,8.575348,13.874141,11.391655,7.0304985,4.1241136,5.817046,8.981842
TCGA-AR-A0TV,6.2935405,7.748193,5.447904,8.167356,12.134623,10.676857,6.946724,4.238463,5.145584,7.2951536
TCGA-AR-A0TW,6.938648,8.224002,6.1643043,8.122958,13.506306,10.29495,5.1083846,4.627307,4.194189,6.9249797
TCGA-AR-A0TX,8.409763,8.1947565,6.9868884,9.473082,14.166391,10.949096,8.7968645,5.2310133,6.1781635,8.377426
TCGA-AR-A0TZ,4.275787,5.491853,3.7399762,9.018333,14.536679,9.505421,4.980849,2.3080442,6.2842855,5.68574
TCGA-AR-A0U0,6.208834,8.28077,6.562759,8.626892,12.6811695,10.912987,6.427465,5.1009693,5.6784163,7.7322235
TCGA-AR-A0U2,5.7306542,8.149747,6.4456725,8.860268,13.261907,10.079623,6.25192,4.3421044,5.3728886,7.4206457
TCGA-AR-A0U3,4.673882,4.9541965,3.548322,7.9512544,12.332819,8.884207,6.5407,1.5827224,5.2143865,5.6998677
TCGA-AR-A0U4,5.5142803,5.6724253,5.443052,8.574423,13.685835,12.458848,9.717057,2.9867692,7.5197597,6.812301
TCGA-AR-A1AI,7.817548,8.139551,6.585896,8.062618,12.596708,11.387562,7.7326937,4.4741926,4.803856,8.209757
TCGA-AR-A1AJ,9.387517,8.554589,7.048651,9.362792,14.175589,12.090996,9.383754,5.1598396,7.251736,8.99168
TCGA-AR-A1AK,5.3092313,8.209454,6.1082416,10.12479,13.916702,10.596901,6.629696,3.4881623,6.991615,7.6633654
TCGA-AR-A1AL,6.8364024,7.159871,5.2038684,10.570344,15.146241,9.425792,8.0628195,3.1504924,6.6877484,6.9797244
TCGA-AR-A1AM,6.669599,7.7073593,5.3842463,9.24075,14.819419,9.536563,7.177962,2.4933975,5.334543,7.1993575
TCGA-AR-A1AN,5.8807573,5.7548876,4.204529,9.565252,15.54363,9.919131,8.154623,2.5492435,5.7654066,5.910282
TCGA-AR-A1AO,8.276325,9.219169,6.827285,10.329593,15.610423,12.80275,8.684568,4.6750026,6.9037595,8.574175
TCGA-AR-A1AP,4.64434,6.044394,4.9540443,8.5715475,14.034637,9.877298,6.266553,2.6941953,5.942737,6.331884
TCGA-AR-A1AQ,8.747381,8.049849,5.90557,8.220016,13.319737,10.644536,7.955439,4.461416,5.6708226,7.7314806
TCGA-AR-A1AR,7.551042,8.266787,6.762764,9.968041,14.309433,12.924198,9.045994,4.3234425,6.531767,8.482287
TCGA-AR-A1AU,5.7068267,6.539159,5.028994,9.572284,14.854436,9.59475,5.044305,2.459274,7.5422726,5.7903852
TCGA-AR-A1AV,3.31663,4.5849624,4.079095,9.131031,14.3961735,9.517653,3.9196105,2.0959003,5.8972073,4.76942
TCGA-AR-A1AW,12.011659,9.749869,7.778057,8.677803,13.567804,11.958701,7.8044214,4.8279347,6.0004497,9.815399
TCGA-AR-A1AX,10.5658,9.273795,7.0201874,9.532647,14.191083,10.319797,7.4656334,5.093918,6.0365705,9.072509
TCGA-AR-A24H,5.8843946,7.577429,6.0619802,8.775731,13.112081,10.782135,5.607398,2.8879209,5.2803144,7.637128
TCGA-AR-A24L,4.776024,6.523562,4.919642,10.166459,15.546224,9.576377,5.2646008,2.879775,6.917359,5.326142
TCGA-AR-A24M,4.878637,5.087463,4.5175176,9.950826,15.027168,9.595444,4.4933753,2.4992113,6.6318274,5.323583
TCGA-AR-A24N,6.645966,6.321928,5.1492844,9.091064,14.598326,9.775958,4.5630155,3.2766137,5.3196325,6.2898507
TCGA-AR-A24O,7.563552,7.820179,6.308616,10.731353,15.391703,10.139867,7.520888,3.0092235,6.102552,7.4025726
TCGA-AR-A24Q,7.9384027,8.675957,7.2606006,9.394615,14.988285,10.298683,8.284203,3.2904356,5.6743016,7.5858884
TCGA-AR-A24R,6.747941,7.348728,5.5324206,8.866127,14.310132,10.37553,7.3534346,3.2372477,5.969722,7.5498276
TCGA-AR-A24S,7.237068,6.3037806,5.582242,9.770629,14.88418,12.095729,8.780351,3.3867538,6.347289,7.622471
TCGA-AR-A24T,5.3997817,7.2761245,5.092232,10.17655,15.471525,10.042026,5.0713577,2.943279,5.5756984,5.951705
TCGA-AR-A24U,9.598396,7.592457,6.6536226,9.492893,14.10611,11.718566,7.5930696,4.1475306,7.451576,8.376012
TCGA-AR-A24V,4.1282787,5.9307375,4.4555507,9.040804,16.223253,10.984847,3.864322,2.4107385,6.5420027,5.964101
TCGA-AR-A24X,7.238916,6.321928,4.042146,8.516909,13.931007,7.808895,5.100075,1.8765345,5.095629,5.984914
TCGA-AR-A24Z,4.8819475,5.7813597,4.862634,8.94607,13.537271,10.708379,3.6247272,3.4074352,6.311126,6.0139165
TCGA-AR-A250,5.8026533,6.9188633,5.0850663,9.488437,15.687894,11.049789,4.221352,3.2860248,5.8869176,7.310838
TCGA-AR-A251,7.510812,10.667111,5.695521,10.305373,15.031258,11.135051,7.212077,3.924696,6.43764,7.793431
TCGA-AR-A252,9.203667,9.927778,8.450561,10.250557,14.060893,11.487259,9.254326,6.12855,6.5906577,9.393211
TCGA-AR-A254,6.5964627,7.7615514,6.0582275,9.433074,15.322712,11.712578,5.892906,4.0920324,6.9323635,7.7162333
TCGA-AR-A255,6.5234704,7.4429436,5.7647967,9.907928,15.377573,10.860664,6.516472,3.670199,6.4476275,7.438939
TCGA-AR-A256,5.018209,8.968667,5.470023,8.573596,13.358179,11.10056,7.4026384,2.3386807,5.2580805,6.353176
TCGA-AR-A2LE,4.945187,5.523562,4.6499457,9.605504,13.019957,8.105978,5.3404174,2.594124,5.119272,5.8463635
TCGA-AR-A2LH,8.459284,8.515699,5.8209414,9.404423,13.93155,10.135726,7.46963,3.4294128,6.618736,7.9139895
TCGA-AR-A2LJ,6.043804,7.839204,5.178883,8.88316,15.182459,10.566436,7.9746346,2.6105213,6.3341064,7.6207876
TCGA-AR-A2LK,4.8051805,6.3037806,4.3572054,8.6173725,14.205628,10.45874,4.8962784,1.9709971,5.723267,5.8417616
TCGA-AR-A2LL,6.6522717,6.4429436,4.131978,8.299398,13.469392,10.354648,6.703298,2.3729634,5.346369,6.138199
TCGA-AR-A2LM,5.1482234,7.33985,5.491932,9.6402855,15.6774235,9.60059,6.73414,2.7073698,6.640103,6.841954
TCGA-AR-A5QM,5.4793754,7.1189413,4.4969125,9.537008,14.656915,9.912402,6.1780343,2.256762,6.1741962,6.6688514
TCGA-AR-A5QQ,8.927427,8.092757,6.6015024,8.353626,13.943373,10.868468,8.124961,3.9565225,6.5135903,8.283997
TCGA-B6-A0I1,4.4115276,8.3706875,3.7814724,7.3850493,12.127849,8.51357,2.2457638,1.5654452,4.714318,5.123768
TCGA-B6-A0IK,6.132564,5.4594316,4.6341743,8.622612,13.011447,8.621457,6.149783,1.4402,5.221069,6.064407
TCGA-B6-A0RE,5.390292,4.4594316,4.3347774,7.858457,14.166676,10.795152,3.991801,1.9730793,4.904048,5.567726
TCGA-B6-A0RG,3.7846587,3.169925,3.0997071,8.2131405,13.971215,7.9848804,5.1039324,1.6902,5.436591,3.913849
TCGA-B6-A0RI,3.7202296,5.357552,4.0521684,8.290887,15.378044,9.117208,5.177842,2.0860312,5.8845096,5.403704
TCGA-B6-A0RL,4.187722,2.5849626,2.9960558,6.144436,9.6130905,8.094329,3.3817163,1.3480793,5.2857013,4.042327
TCGA-B6-A0RM,4.6085796,4.523562,4.5916796,8.08162,12.517428,8.923623,5.844385,1.8517226,4.9303284,5.160646
TCGA-B6-A0RN,6.520586,4.857981,3.5509877,8.347444,15.219736,7.276703,5.5808496,1.9764972,4.4235177,4.998924
TCGA-B6-A0RO,3.7795708,9.204571,3.651203,8.809754,13.479898,8.536937,4.5476103,1.2856753,4.40265,4.5567102
TCGA-B6-A0RP,7.0995007,7.8703647,5.702798,9.397124,15.169741,9.705731,6.868271,3.6732898,5.5141687,6.7121177
TCGA-B6-A0RS,6.3918805,8.2946205,5.926252,9.464546,14.127383,10.917243,5.8306823,2.9140837,5.4352717,7.600879
TCGA-B6-A0RT,11.192066,11.398744,8.973416,9.496875,13.885529,11.516255,8.354757,6.761644,6.431142,10.609589
TCGA-B6-A0RU,4.911858,6.7813597,4.4643517,9.997074,14.507408,9.028457,8.199287,2.340084,4.736546,5.6771326
TCGA-B6-A0RV,7.0107093,8.033423,5.197396,9.3834,13.322733,8.879779,7.0763726,2.2000473,5.3780813,7.0005994
TCGA-B6-A0WT,4.703104,4.0,3.4289234,8.028606,14.320566,8.325925,3.9924347,2.2339041,4.5167127,5.11366
TCGA-B6-A0WV,3.0113983,4.70044,3.1367679,7.6939754,13.361319,7.307836,3.1402614,1.3644849,4.3801312,3.739254
TCGA-B6-A0WW,2.8689106,4.5849624,3.0516932,8.432892,13.842752,8.457197,3.350633,1.7406017,4.3582306,4.656443
TCGA-B6-A0WX,8.8236685,7.7615514,4.7637634,8.94526,15.761803,9.349654,6.2034826,1.967354,4.64737,7.7748857
TCGA-B6-A0WY,6.2970886,7.491853,5.173653,9.425355,14.879232,9.666213,6.426938,2.5784452,5.801976,6.3209066
TCGA-B6-A0WZ,2.4701002,5.3923173,3.9124806,8.930499,13.871782,8.321966,4.2670074,1.3224144,6.1616693,4.5634947
TCGA-B6-A0X1,4.89411,7.1085243,5.3562827,7.3391547,11.498837,9.611939,3.6100037,3.6609895,4.9348254,6.6734734
TCGA-B6-A0X4,2.5499182,1.0,3.0559952,7.0812798,11.012397,6.3344154,3.9893024,1.3721601,4.614694,2.6676354
TCGA-B6-A0X5,3.5369053,3.321928,2.7628505,7.195539,12.185852,8.707942,2.6024551,1.5161604,4.266799,4.1356645
TCGA-B6-A0X7,5.6597133,5.9541965,4.570563,10.05156,15.323439,8.542529,6.244801,2.9657402,4.978485,5.223533
TCGA-B6-A1KF,2.2365916,1.5849625,2.7519062,8.707373,12.746277,8.422894,1.6153631,1.6467097,4.2550535,2.5136604
TCGA-B6-A1KI,4.422508,5.643856,3.9809434,10.925594,14.561473,7.7469506,3.818934,2.9542875,6.0041766,4.6883883
TCGA-B6-A1KN,5.841898,7.1189413,6.5233803,9.741526,14.492284,9.486485,5.0474386,2.7813118,6.486522,6.591536
TCGA-B6-A2IU,3.335634,4.5849624,3.1420002,8.314006,12.203657,6.5514073,4.098571,1.2990396,4.351781,4.2814956
TCGA-B6-A3ZX,12.545963,9.97871,7.81791,9.226435,13.720959,10.476714,8.670801,4.0336328,5.6412463,10.361352
TCGA-B6-A401,8.394184,7.098032,5.6950717,9.005213,14.906564,10.404316,6.856944,3.3485692,6.854385,7.7013674
TCGA-B6-A402,3.712707,6.321928,4.998542,7.7596407,13.599683,8.65736,3.3175557,1.8086417,4.0201917,5.4078255
TCGA-B6-A408,7.749709,7.70044,5.746185,9.204051,14.212982,10.525563,6.066356,2.9397466,5.1644926,8.127573
TCGA-B6-A409,5.6868696,6.409391,4.541448,9.06072,14.163231,9.603797,5.7483454,2.1552851,6.036439,6.754129
TCGA-B6-A40B,5.1195393,5.0,3.82218,8.956388,15.4553585,9.145362,6.819426,1.7693522,6.084597,5.6820335
TCGA-B6-A40C,6.050271,6.965784,5.6404543,9.540712,15.523836,9.524655,6.050457,2.8379002,6.4045706,7.1962233
TCGA-BH-A0AU,6.733063,6.9425144,5.2271533,8.513748,14.486951,9.23751,6.6917,3.4390578,5.581817,6.7149854
TCGA-BH-A0AZ,4.763649,6.6865005,5.0026555,9.752838,15.87002,8.701518,5.1940107,2.39346,5.1555204,5.8570175
TCGA-BH-A0B5,6.1678033,6.9425144,5.2665505,9.19478,14.761465,9.95128,6.900399,3.1040673,6.153873,7.361924
TCGA-BH-A0B6,10.1782465,10.357552,7.8063116,8.95374,14.869928,10.731265,9.2442,6.176499,5.496711,8.438494
TCGA-BH-A0BM,6.0511703,5.4594316,4.431091,8.694418,13.850891,7.463878,4.9074955,1.759602,4.936951,5.3359346
TCGA-BH-A0BS,2.6305754,3.4594316,2.802711,9.226367,12.905678,7.939818,5.238153,2.17979,5.112899,4.274771
TCGA-BH-A0BT,6.235517,7.7347097,4.9236674,8.768515,14.131485,9.325128,6.812987,3.386432,4.6395235,6.50436
TCGA-BH-A0BZ,6.5262203,9.299208,6.874015,9.30644,15.227571,11.021314,6.177907,4.3073235,5.6153793,8.4182005
TCGA-BH-A0C3,6.8096027,7.228819,6.8753195,10.507036,15.067867,10.142503,7.529827,3.5479548,6.757971,7.432134
TCGA-BH-A0DD,4.8475795,6.044394,4.538723,8.197529,13.257485,9.706076,4.1593833,2.430058,5.334989,6.3245406
TCGA-BH-A0DG,8.256138,7.169925,5.6067424,9.642541,15.263367,10.196251,7.123281,3.4752622,5.3886437,7.0739274
TCGA-BH-A0DV,7.484148,7.066089,5.3436637,11.529034,16.387175,9.77961,6.7240553,2.9764056,6.1668468,5.8772397
TCGA-BH-A0H3,5.9278827,7.9188633,5.557897,10.511172,15.485901,9.539878,7.3096757,3.3328984,5.390256,6.783342
TCGA-BH-A1EN,2.3784883,5.087463,3.9824097,9.245957,13.848411,9.5501,3.9189186,1.6346021,6.085629,4.567453
TCGA-BH-A1EO,3.9930372,5.4594316,4.3608503,9.222376,14.326383,10.185091,6.5268946,1.7036697,5.436799,5.8728004
TCGA-BH-A1ES,3.1394913,2.0,2.152106,6.9510612,13.296651,7.173878,3.366941,1.2786024,4.715537,3.3623164
TCGA-BH-A1ET,6.551229,7.4676056,5.3340545,10.622839,14.908869,9.7020235,6.8014364,3.155181,5.8615003,6.784953
TCGA-BH-A1EV,3.6646917,4.523562,3.9445858,8.608706,14.313516,8.783989,3.2490807,1.6011205,5.2821903,4.402968
TCGA-BH-A1EW,5.924667,7.7073593,5.546201,10.080701,13.846873,9.718573,6.2289834,3.4271064,6.476863,7.2921796
TCGA-BH-A1EX,7.416201,6.97728,5.6190915,9.547001,14.766887,11.647847,6.709977,3.387525,7.4591265,7.545249
TCGA-BH-A1EY,6.002812,6.6865005,4.9357677,8.266471,14.567368,10.640859,8.777768,3.090436,6.1319194,7.4889245
TCGA-BH-A1F0,10.913434,9.924812,7.5079007,11.289521,15.268313,12.862689,8.469854,5.461314,7.404104,9.037366
TCGA-BH-A1F5,5.3128486,4.4594316,4.275967,8.388083,13.2146225,9.30198,6.2890563,1.7823944,5.8612013,4.719304
TCGA-BH-A1F6,6.0765696,11.564626,5.6645226,8.551864,13.611993,10.535149,4.169221,3.7944088,5.57663,6.7845984
TCGA-BH-A1F8,5.1660542,6.5698557,5.345006,8.770259,13.953269,9.794719,5.150093,2.6096606,6.321123,5.611079
TCGA-BH-A1FB,9.832796,8.864186,7.052849,10.051413,15.708042,10.782382,9.78339,4.884858,6.92231,8.690161
TCGA-BH-A1FC,8.09635,8.960002,6.704204,8.073719,13.230075,10.741013,6.007079,5.1243606,5.185267,8.283212
TCGA-BH-A1FD,3.4834046,4.4594316,4.278876,8.735256,14.36968,10.289543,3.8084044,2.2600708,5.726176,5.589469
TCGA-BH-A1FE,9.034158,9.055283,7.331241,10.274905,15.540889,10.599553,8.854863,5.4741087,6.382222,8.51654
TCGA-BH-A1FG,4.1845126,5.357552,4.3101573,8.607421,12.926844,8.829083,4.329597,2.587244,4.616411,5.049844
TCGA-BH-A1FH,6.009994,7.2191687,5.2004,10.497341,16.365227,9.964897,6.641501,2.6539543,6.9172015,6.2728868
TCGA-BH-A1FJ,3.8881874,4.087463,3.5315623,9.294587,13.431528,8.798636,2.8687205,1.9295889,6.2716084,4.642583
TCGA-BH-A1FL,8.373329,6.357552,4.5881205,9.420643,14.022553,8.836183,5.756131,2.0242534,5.2184534,6.6047325
TCGA-BH-A1FN,3.8894453,6.044394,3.8362486,8.091997,14.284702,9.569589,2.969881,2.7770932,4.811633,4.8399367
TCGA-BH-A1FR,7.024874,6.61471,3.9701245,8.911221,12.564165,8.639632,5.093717,1.9189882,4.654825,5.8641295
TCGA-BH-A1FU,8.550085,6.3750396,5.6591296,9.900839,15.083584,9.615125,7.420275,3.3145485,5.2085752,7.1469855
TCGA-BH-A203,7.0219207,7.426265,5.694195,8.983653,13.976154,11.123634,7.295822,3.4621525,6.0534763,7.4746203
TCGA-BH-A204,3.3155036,3.0,4.1588893,9.70065,13.554348,9.047141,2.8233662,2.219986,6.1538234,4.007703
TCGA-BH-A209,10.679316,9.971543,7.6933403,9.241312,13.453578,11.822678,9.238971,5.0102224,5.904808,9.217241
TCGA-BH-A42U,9.2209425,7.948367,5.6989746,10.157985,15.281868,9.734624,7.6991854,3.1350708,5.9633656,7.9834075
TCGA-C8-A3M7,6.6978693,6.97728,5.890521,11.088278,14.199864,9.204936,6.2634897,3.9323573,6.3546925,7.1938596
TCGA-D8-A1JA,4.553267,4.2479277,4.0509915,8.778526,14.416354,10.580302,2.54104,2.4648583,6.9477973,6.0133333
TCGA-D8-A1XC,2.167755,2.0,3.1819732,7.752207,10.679647,7.9474587,2.301559,2.0924726,4.6482134,2.9632354
TCGA-D8-A1Y1,4.440957,5.357552,4.7732043,8.820294,15.736512,10.695592,4.617972,1.7514033,6.495951,6.04224
TCGA-D8-A73W,5.498648,5.554589,4.929551,9.405579,14.514633,10.040169,4.277772,3.4917789,6.017067,5.996241
TCGA-E2-A106,3.5259154,4.2479277,3.250981,8.411231,13.300025,7.134373,4.065699,1.5328352,5.2981267,4.4271927
TCGA-E2-A10B,6.4936986,7.4178524,5.5418043,9.234417,14.79433,9.799752,6.976958,2.523331,6.607443,6.9730144
TCGA-E2-A1AZ,6.70639,7.087463,5.4627786,8.688298,13.590484,9.702638,5.636676,3.246734,4.497981,7.313016
TCGA-E2-A1B1,7.7383146,8.290019,6.588464,11.054548,16.117252,11.7546625,8.835019,4.3107176,7.3903856,9.025869
TCGA-E2-A1IE,3.3685248,5.2854023,3.9898,9.749262,13.718171,8.211284,4.4343767,1.9553692,5.753436,4.5643554
TCGA-E2-A1IG,3.561151,5.2094536,4.082794,8.928045,15.373595,8.825318,3.690564,1.7961997,5.335553,5.3500657
TCGA-E2-A1IO,6.94982,8.005625,5.832101,9.350957,15.766333,9.399993,7.860659,3.8350172,5.447701,7.711621
TCGA-E2-A1L7,6.6156263,8.426265,6.018742,8.352304,13.6677885,10.00088,7.8330793,4.3740025,5.8129826,7.603096
TCGA-E2-A1L8,5.759181,6.83289,5.2921257,9.789947,14.474597,9.873158,8.53314,2.9571815,5.5183077,6.4614778
TCGA-E2-A1LB,3.8228276,3.9068906,3.0621982,8.595792,13.813535,9.6924095,2.743878,1.22267,5.101336,5.0564637
TCGA-E2-A1LE,5.733226,9.2620945,6.2284923,9.798519,14.829612,10.507033,6.877121,2.6507626,5.782641,7.8589883
TCGA-E2-A1LH,8.347177,8.703903,6.276692,8.231773,12.9553,9.759078,6.734774,3.4317105,5.00431,7.670151
TCGA-E2-A1LI,8.080072,6.4757333,5.623372,9.016005,13.048201,10.640723,7.7114897,3.4609256,5.587927,7.322515
TCGA-E2-A1LK,2.0237231,4.70044,3.908752,6.8534603,11.518309,9.366617,4.914012,1.1606753,4.4469557,3.6012905
TCGA-E2-A1LL,4.3013783,2.5849626,3.4319344,8.533823,11.989597,8.485336,5.391037,1.6674813,5.0240145,4.412399
TCGA-E2-A2P5,4.1341486,6.768184,4.2352633,9.24375,14.436738,8.4344425,5.485963,2.4309502,4.2070656,6.5287843
TCGA-E9-A1N6,3.3151276,4.70044,4.1866717,8.49436,14.965253,10.073213,4.8907685,2.5527005,4.532528,5.4287667
TCGA-E9-A1NF,3.5218606,5.2094536,4.0278087,9.163561,15.750327,9.821716,3.7218127,2.9867935,5.24604,5.661495
TCGA-E9-A226,3.116374,3.5849626,3.3025284,8.576066,15.058093,9.271189,4.35789,1.9682093,4.69671,5.594995
TCGA-E9-A243,10.520346,10.464546,8.844298,9.622769,14.852112,12.99644,8.735581,7.4715734,8.595951,9.685271
TCGA-E9-A2JS,3.4814005,4.9541965,4.457615,8.3139925,14.316202,9.559297,4.2962213,2.065797,4.392705,5.68442
TCGA-EW-A1P0,4.9899964,6.066089,4.229481,7.957916,13.1373415,10.08344,5.236405,1.8955349,4.6792927,6.4059253
TCGA-EW-A1P1,4.8595104,7.4178524,5.983083,10.652131,15.1537485,10.348946,7.3569245,3.0770776,6.3276377,7.075757
TCGA-EW-A1P7,12.274374,9.60177,7.275089,9.581618,14.543346,10.375251,9.5249,3.8724627,6.498931,9.178038
TCGA-EW-A1P8,5.715232,6.357552,4.5188622,8.339945,13.607285,11.324664,8.070843,2.0855799,5.339215,6.7557807
TCGA-GI-A2C9,4.19874,6.894818,4.7646794,8.20681,14.512558,10.611682,8.921088,2.4548821,5.3420634,6.324865
TCGA-GM-A2D9,5.4666033,5.087463,3.7588582,8.621793,13.4921665,7.8631988,5.8489523,1.8664345,4.40387,5.173492
TCGA-GM-A2DA,6.8957634,7.8265486,5.070956,8.224161,13.550324,8.186713,5.0717278,2.5184603,4.12558,7.178182
TCGA-GM-A2DB,9.375855,6.357552,4.8224826,7.447808,12.22833,9.079352,5.5356355,2.807385,4.675233,6.414614
TCGA-GM-A2DC,5.410215,5.169925,4.6949563,8.240103,12.495778,7.4517913,4.411124,1.9693611,4.322543,5.2843547
TCGA-GM-A2DD,7.733921,8.383704,5.8101945,9.228463,14.446921,11.094483,8.122863,3.2146325,5.7840295,8.587896
TCGA-GM-A2DF,8.723518,11.269127,5.2650876,8.935046,13.2485285,10.385133,7.655032,2.889895,6.129423,7.3727527
TCGA-GM-A2DH,9.439813,9.296916,7.373032,9.013629,13.9279,11.235824,8.96819,4.8973055,5.4763327,9.174334
TCGA-GM-A2DI,8.505185,8.761551,6.5767174,8.698903,13.977572,9.743436,8.133361,3.9950016,5.1518855,8.146829
TCGA-GM-A2DK,6.2656484,6.741467,4.9283195,9.9403305,13.94521,9.5162115,6.2091303,2.382476,6.2774553,6.6607103
TCGA-GM-A2DL,4.0481863,4.7548876,3.9427178,9.111549,14.895423,9.56773,7.5282164,2.2494597,5.834936,5.7738376
TCGA-GM-A2DM,3.9133453,5.044394,5.2520027,8.44495,12.628475,9.791781,6.2125726,2.249956,5.446545,4.7290907
TCGA-GM-A2DN,7.469056,8.936638,6.54071,9.1278,14.088062,10.342357,9.19488,4.16827,6.8983383,8.33047
TCGA-GM-A2DO,11.5296545,9.038919,6.526049,6.7227526,10.92279,9.719247,7.4099464,3.4862485,4.5002155,8.781657
TCGA-GM-A3NW,5.9163117,5.321928,5.007866,9.082107,13.2209215,8.500667,6.4547205,2.7518961,5.28865,6.3097034
TCGA-GM-A3XL,6.4575644,8.308339,6.3782477,7.3586397,12.293572,10.338159,7.257304,5.228114,5.603938,7.7500296
TCGA-GM-A3XN,7.36187,7.948367,5.7935343,10.511408,15.407927,9.911546,6.7461243,2.6708722,6.1595974,7.5951304
TCGA-GM-A4E0,5.04367,6.965784,6.4769273,10.520062,13.872844,9.175803,5.651446,3.0580773,6.0412936,6.7405577
TCGA-HN-A2OB,5.7932944,6.1898246,5.019238,9.2480755,15.450296,8.937391,5.9545236,2.5396414,5.703243,5.874443
TCGA-LL-A5YM,3.829778,6.129283,4.5440383,8.055175,12.871816,7.9120064,3.7156212,1.7545216,5.1361947,4.846288
TCGA-LL-A73Z,6.641683,7.4429436,5.824744,9.733605,14.535722,10.261634,6.680928,3.174696,5.352307,7.2686386
TCGA-LQ-A4E4,3.01994,6.149747,3.6333916,8.293101,13.076117,7.87328,3.4971943,1.5900841,5.2307386,4.601212
TCGA-OL-A66J,5.137877,6.2667866,5.082371,9.707992,14.454191,9.123307,5.7329555,3.0396414,6.0954456,5.7626925
TCGA-OL-A97C,4.146512,7.129283,5.037419,8.430319,14.027901,8.245627,5.265973,2.179589,4.314932,6.55699
TCGA-PE-A5DD,6.785756,7.9541965,5.1593027,9.681872,13.9811535,8.444761,4.451581,1.9945924,4.8789444,6.938199
TCGA-PE-A5DE,9.264851,10.329797,7.5181494,9.201602,13.421846,10.21695,8.339543,5.7226205,6.3499746,8.686685
TCGA-UU-A93S,3.8528185,4.2479277,3.895473,7.6113863,11.317298,8.866825,2.445523,2.1229632,4.5262933,4.4933305
TCGA-V7-A7HQ,4.7359705,5.087463,3.38105,6.877836,13.849049,7.473949,4.971217,0.44812033,5.0988684,4.891501
TCGA-Z7-A8R5,8.04464,7.9307375,5.31551,8.634493,13.520063,9.526856,6.2221956,2.8119507,4.968476,6.813859
TCGA-Z7-A8R6,3.9806638,5.4594316,4.111821,8.196117,13.997442,9.15765,5.865583,2.1105213,5.3204093,5.922954
