panel_size,rank,feature,block,gene,fold_selection_frequency
20,1,meth:MIR570,meth,MIR570,1.0
20,2,meth:MIR1284,meth,MIR1284,1.0
20,3,clin:stage,clin,stage,0.92
20,4,meth:LIMCH1,meth,LIMCH1,0.7
20,5,meth:BGLAP,meth,BGLAP,0.68
20,6,meth:CCDC89,meth,CCDC89,0.54
20,7,meth:HIST1H2BK,meth,HIST1H2BK,0.54
20,8,meth:MICALCL,meth,MICALCL,0.52
20,9,meth:LOC285045,meth,LOC285045,0.46
20,10,meth:MIR600,meth,MIR600,0.46
20,11,meth:SSC5D,meth,SSC5D,0.42
20,12,expr:ASIC1,expr,ASIC1,0.42
20,13,meth:CALML5,meth,CALML5,0.38
20,14,meth:DGUOK,meth,DGUOK,0.38
20,15,expr:FLT3,expr,FLT3,0.38
20,16,meth:ASAP1IT1,meth,ASAP1IT1,0.36
20,17,meth:ATF7,meth,ATF7,0.34
20,18,expr:CLEC9A,expr,CLEC9A,0.3
20,19,expr:CCDC9B,expr,CCDC9B,0.3
20,20,meth:AOC2,meth,AOC2,0.28
50,1,clin:stage,clin,stage,1.0
50,2,meth:MIR1284,meth,MIR1284,1.0
50,3,meth:MIR570,meth,MIR570,1.0
50,4,meth:BGLAP,meth,BGLAP,0.96
50,5,meth:LIMCH1,meth,LIMCH1,0.92
50,6,meth:HIST1H2BK,meth,HIST1H2BK,0.86
50,7,meth:MIR600,meth,MIR600,0.8
50,8,meth:MICALCL,meth,MICALCL,0.8
50,9,meth:LOC285045,meth,LOC285045,0.8
50,10,meth:CCDC89,meth,CCDC89,0.78
50,11,meth:DGUOK,meth,DGUOK,0.64
50,12,meth:ATF7,meth,ATF7,0.64
50,13,expr:FLT3,expr,FLT3,0.64
50,14,meth:ASAP1IT1,meth,ASAP1IT1,0.62
50,15,meth:CALML5,meth,CALML5,0.58
50,16,meth:AOC2,meth,AOC2,0.58
50,17,meth:SSC5D,meth,SSC5D,0.58
50,18,meth:ZNF710,meth,ZNF710,0.58
50,19,meth:EIF3G,meth,EIF3G,0.54
50,20,expr:CLEC9A,expr,CLEC9A,0.54
50,21,meth:SLC38A8,meth,SLC38A8,0.52
50,22,expr:ASIC1,expr,ASIC1,0.5
50,23,meth:EXPH5,meth,EXPH5,0.48
50,24,expr:CCDC9B,expr,CCDC9B,0.48
50,25,meth:ATP6V0A4,meth,ATP6V0A4,0.44
50,26,expr:LRRC2,expr,LRRC2,0.44
50,27,meth:CAPN13,meth,CAPN13,0.44
50,28,meth:TNNT2,meth,TNNT2,0.42
50,29,meth:IL17REL,meth,IL17REL,0.42
50,30,meth:C14orf49,meth,C14orf49,0.4
50,31,meth:FAM71F2,meth,FAM71F2,0.36
50,32,meth:C9orf131,meth,C9orf131,0.36
50,33,meth:MAPK8IP2,meth,MAPK8IP2,0.36
50,34,expr:BTG2,expr,BTG2,0.34
50,35,meth:SPINK7,meth,SPINK7,0.34
50,36,meth:GHRL,meth,GHRL,0.32
50,37,expr:ACSF2,expr,ACSF2,0.32
50,38,meth:QPRT,meth,QPRT,0.32
50,39,meth:AVIL,meth,AVIL,0.3
50,40,meth:ABCA1,meth,ABCA1,0.3
50,41,meth:SNORA71B,meth,SNORA71B,0.3
50,42,meth:CLRN1OS,meth,CLRN1OS,0.3
50,43,expr:RCOR2,expr,RCOR2,0.3
50,44,expr:LEF1,expr,LEF1,0.3
50,45,meth:NDUFB6,meth,NDUFB6,0.3
50,46,meth:LOC730755,meth,LOC730755,0.3
50,47,meth:SPRED2,meth,SPRED2,0.3
50,48,meth:F10,meth,F10,0.28
50,49,meth:A2ML1,meth,A2ML1,0.28
50,50,meth:RNASE6,meth,RNASE6,0.28
100,1,meth:MIR1284,meth,MIR1284,1.0
100,2,meth:MIR570,meth,MIR570,1.0
100,3,clin:stage,clin,stage,1.0
100,4,meth:BGLAP,meth,BGLAP,0.98
100,5,meth:LIMCH1,meth,LIMCH1,0.98
100,6,meth:HIST1H2BK,meth,HIST1H2BK,0.96
100,7,meth:CCDC89,meth,CCDC89,0.96
100,8,meth:MICALCL,meth,MICALCL,0.92
100,9,meth:MIR600,meth,MIR600,0.92
100,10,expr:FLT3,expr,FLT3,0.9
100,11,meth:LOC285045,meth,LOC285045,0.9
100,12,meth:ZNF710,meth,ZNF710,0.88
100,13,meth:C14orf49,meth,C14orf49,0.82
100,14,meth:EIF3G,meth,EIF3G,0.8
100,15,meth:AOC2,meth,AOC2,0.8
100,16,meth:ASAP1IT1,meth,ASAP1IT1,0.8
100,17,meth:DGUOK,meth,DGUOK,0.8
100,18,meth:ATF7,meth,ATF7,0.78
100,19,meth:SSC5D,meth,SSC5D,0.78
100,20,meth:SLC38A8,meth,SLC38A8,0.78
100,21,meth:CALML5,meth,CALML5,0.76
100,22,expr:LRRC2,expr,LRRC2,0.74
100,23,meth:ATP6V0A4,meth,ATP6V0A4,0.74
100,24,expr:CLEC9A,expr,CLEC9A,0.74
100,25,meth:EXPH5,meth,EXPH5,0.74
100,26,meth:TNNT2,meth,TNNT2,0.72
100,27,expr:ASIC1,expr,ASIC1,0.72
100,28,meth:CAPN13,meth,CAPN13,0.66
100,29,meth:MAPK8IP2,meth,MAPK8IP2,0.64
100,30,expr:CCDC9B,expr,CCDC9B,0.64
100,31,meth:IL17REL,meth,IL17REL,0.64
100,32,meth:C9orf131,meth,C9orf131,0.62
100,33,expr:BTG2,expr,BTG2,0.62
100,34,meth:FAM71F2,meth,FAM71F2,0.62
100,35,expr:ACSF2,expr,ACSF2,0.6
100,36,expr:LEF1,expr,LEF1,0.58
100,37,expr:RCOR2,expr,RCOR2,0.58
100,38,meth:ABCA1,meth,ABCA1,0.58
100,39,meth:CLRN1OS,meth,CLRN1OS,0.54
100,40,meth:SPRED2,meth,SPRED2,0.54
100,41,meth:SNORA71B,meth,SNORA71B,0.54
100,42,meth:AVIL,meth,AVIL,0.54
100,43,meth:USP28,meth,USP28,0.52
100,44,meth:EIF4G1,meth,EIF4G1,0.52
100,45,meth:C1QTNF3,meth,C1QTNF3,0.52
100,46,meth:F10,meth,F10,0.52
100,47,meth:A2ML1,meth,A2ML1,0.5
100,48,meth:LENEP,meth,LENEP,0.5
100,49,meth:CUL9,meth,CUL9,0.5
100,50,meth:SPINK7,meth,SPINK7,0.5
100,51,meth:TRPM1,meth,TRPM1,0.5
100,52,meth:LOC730755,meth,LOC730755,0.5
100,53,expr:ANKRD55,expr,ANKRD55,0.48
100,54,meth:NDUFB6,meth,NDUFB6,0.48
100,55,expr:LMO1,expr,LMO1,0.46
100,56,expr:PLAAT4,expr,PLAAT4,0.46
100,57,meth:GHRL,meth,GHRL,0.46
100,58,meth:LOC100129534,meth,LOC100129534,0.46
100,59,meth:QPRT,meth,QPRT,0.46
100,60,expr:TENT5C,expr,TENT5C,0.44
100,61,expr:SUSD3,expr,SUSD3,0.44
100,62,expr:B3GNT4,expr,B3GNT4,0.44
100,63,meth:BRF2,meth,BRF2,0.44
100,64,meth:CRISPLD2,meth,CRISPLD2,0.44
100,65,expr:STC2,expr,STC2,0.42
100,66,meth:HP,meth,HP,0.42
100,67,expr:ABCB1,expr,ABCB1,0.42
100,68,meth:SLFNL1,meth,SLFNL1,0.42
100,69,expr:RAI2,expr,RAI2,0.42
100,70,expr:GBP4,expr,GBP4,0.42
100,71,meth:GJC2,meth,GJC2,0.4
100,72,meth:ZNF280D,meth,ZNF280D,0.4
100,73,meth:MAFG,meth,MAFG,0.4
100,74,meth:PMEPA1,meth,PMEPA1,0.4
100,75,meth:CYB5R3,meth,CYB5R3,0.4
100,76,meth:C14orf182,meth,C14orf182,0.4
100,77,meth:NCOR2,meth,NCOR2,0.4
100,78,meth:ZNF532,meth,ZNF532,0.38
100,79,expr:ULBP2,expr,ULBP2,0.38
100,80,expr:RLN1,expr,RLN1,0.38
100,81,meth:RNASE6,meth,RNASE6,0.38
100,82,meth:CSF3,meth,CSF3,0.38
100,83,meth:KCNK1,meth,KCNK1,0.36
100,84,meth:SEPT9,meth,SEPT9,0.36
100,85,meth:MIR612,meth,MIR612,0.36
100,86,meth:TSPAN10,meth,TSPAN10,0.36
100,87,meth:TNXB,meth,TNXB,0.36
100,88,meth:QRFP,meth,QRFP,0.36
100,89,expr:MICB,expr,MICB,0.36
100,90,expr:BLNK,expr,BLNK,0.34
100,91,expr:LHX5,expr,LHX5,0.34
100,92,meth:RNASE1,meth,RNASE1,0.34
100,93,expr:PITPNM3,expr,PITPNM3,0.34
100,94,expr:OTOG,expr,OTOG,0.34
100,95,meth:DOCK9,meth,DOCK9,0.34
100,96,meth:MIR591,meth,MIR591,0.32
100,97,meth:BAIAP2L2,meth,BAIAP2L2,0.32
100,98,meth:GDPD4,meth,GDPD4,0.32
100,99,expr:ACSM2A,expr,ACSM2A,0.32
100,100,meth:SLC7A9,meth,SLC7A9,0.3
250,1,meth:LOC285045,meth,LOC285045,1.0
250,2,meth:MIR1284,meth,MIR1284,1.0
250,3,meth:CCDC89,meth,CCDC89,1.0
250,4,meth:MIR570,meth,MIR570,1.0
250,5,meth:C14orf49,meth,C14orf49,1.0
250,6,meth:BGLAP,meth,BGLAP,1.0
250,7,clin:stage,clin,stage,1.0
250,8,meth:HIST1H2BK,meth,HIST1H2BK,1.0
250,9,meth:MICALCL,meth,MICALCL,1.0
250,10,meth:LIMCH1,meth,LIMCH1,1.0
250,11,meth:EXPH5,meth,EXPH5,0.98
250,12,meth:SLC38A8,meth,SLC38A8,0.98
250,13,expr:FLT3,expr,FLT3,0.98
250,14,meth:MIR600,meth,MIR600,0.98
250,15,meth:AOC2,meth,AOC2,0.96
250,16,meth:CAPN13,meth,CAPN13,0.96
250,17,meth:EIF3G,meth,EIF3G,0.96
250,18,meth:TNNT2,meth,TNNT2,0.96
250,19,meth:ZNF710,meth,ZNF710,0.96
250,20,meth:ASAP1IT1,meth,ASAP1IT1,0.96
250,21,meth:DGUOK,meth,DGUOK,0.96
250,22,meth:TRPM1,meth,TRPM1,0.94
250,23,expr:CLEC9A,expr,CLEC9A,0.94
250,24,expr:CCDC9B,expr,CCDC9B,0.94
250,25,meth:MAPK8IP2,meth,MAPK8IP2,0.94
250,26,meth:ATF7,meth,ATF7,0.94
250,27,meth:SSC5D,meth,SSC5D,0.94
250,28,meth:ABCA1,meth,ABCA1,0.92
250,29,meth:CALML5,meth,CALML5,0.92
250,30,meth:ATP6V0A4,meth,ATP6V0A4,0.9
250,31,expr:LRRC2,expr,LRRC2,0.9
250,32,meth:USP28,meth,USP28,0.9
250,33,expr:BTG2,expr,BTG2,0.9
250,34,meth:FAM71F2,meth,FAM71F2,0.9
250,35,expr:ASIC1,expr,ASIC1,0.9
250,36,expr:ACSF2,expr,ACSF2,0.88
250,37,meth:IL17REL,meth,IL17REL,0.88
250,38,meth:SPRED2,meth,SPRED2,0.88
250,39,meth:LOC730755,meth,LOC730755,0.86
250,40,meth:C1QTNF3,meth,C1QTNF3,0.86
250,41,meth:SNORA71B,meth,SNORA71B,0.84
250,42,meth:C9orf131,meth,C9orf131,0.84
250,43,meth:CSF3,meth,CSF3,0.84
250,44,meth:ZNF532,meth,ZNF532,0.82
250,45,meth:NDUFB6,meth,NDUFB6,0.82
250,46,expr:RAI2,expr,RAI2,0.82
250,47,expr:PLAAT4,expr,PLAAT4,0.82
250,48,meth:EIF4G1,meth,EIF4G1,0.82
250,49,meth:AVIL,meth,AVIL,0.82
250,50,meth:SPINK7,meth,SPINK7,0.8
250,51,meth:BRF2,meth,BRF2,0.8
250,52,meth:F10,meth,F10,0.8
250,53,meth:A2ML1,meth,A2ML1,0.8
250,54,meth:C14orf182,meth,C14orf182,0.78
250,55,meth:CUL9,meth,CUL9,0.78
250,56,expr:ABCB1,expr,ABCB1,0.78
250,57,meth:ZNF280D,meth,ZNF280D,0.78
250,58,meth:NCOR2,meth,NCOR2,0.78
250,59,expr:LEF1,expr,LEF1,0.78
250,60,meth:QPRT,meth,QPRT,0.78
250,61,meth:LENEP,meth,LENEP,0.76
250,62,expr:RCOR2,expr,RCOR2,0.76
250,63,meth:PMEPA1,meth,PMEPA1,0.76
250,64,expr:LMO1,expr,LMO1,0.76
250,65,meth:BRD4,meth,BRD4,0.76
250,66,meth:LOC100129534,meth,LOC100129534,0.76
250,67,expr:ANKRD55,expr,ANKRD55,0.74
250,68,expr:GBP4,expr,GBP4,0.74
250,69,meth:MIR612,meth,MIR612,0.74
250,70,expr:STC2,expr,STC2,0.74
250,71,meth:RNASE1,meth,RNASE1,0.74
250,72,meth:GJC2,meth,GJC2,0.74
250,73,expr:PITPNM3,expr,PITPNM3,0.72
250,74,expr:LGI1,expr,LGI1,0.72
250,75,meth:RNASE6,meth,RNASE6,0.72
250,76,meth:HSD17B14,meth,HSD17B14,0.72
250,77,expr:B3GNT4,expr,B3GNT4,0.72
250,78,meth:CYB5R3,meth,CYB5R3,0.72
250,79,meth:MIR130B,meth,MIR130B,0.72
250,80,meth:CLRN1OS,meth,CLRN1OS,0.72
250,81,meth:LRRC17,meth,LRRC17,0.7
250,82,meth:CRISPLD2,meth,CRISPLD2,0.7
250,83,expr:SUSD3,expr,SUSD3,0.7
250,84,meth:MIR492,meth,MIR492,0.7
250,85,meth:SLFNL1,meth,SLFNL1,0.7
250,86,expr:OTOG,expr,OTOG,0.68
250,87,meth:HP,meth,HP,0.68
250,88,meth:SEPT9,meth,SEPT9,0.68
250,89,meth:TNXB,meth,TNXB,0.68
250,90,meth:GDPD4,meth,GDPD4,0.68
250,91,meth:C7orf29,meth,C7orf29,0.68
250,92,meth:SEC16B,meth,SEC16B,0.66
250,93,meth:RBP2,meth,RBP2,0.66
250,94,meth:LMAN1L,meth,LMAN1L,0.66
250,95,meth:MAFG,meth,MAFG,0.64
250,96,meth:DOCK9,meth,DOCK9,0.64
250,97,meth:KIAA0513,meth,KIAA0513,0.64
250,98,meth:TSPAN10,meth,TSPAN10,0.64
250,99,expr:CD69,expr,CD69,0.64
250,100,meth:BAIAP2L2,meth,BAIAP2L2,0.64
250,101,meth:LOC401387,meth,LOC401387,0.64
250,102,meth:QRFP,meth,QRFP,0.62
250,103,meth:RNF183,meth,RNF183,0.62
250,104,meth:CRYBB2,meth,CRYBB2,0.62
250,105,expr:ACSM2A,expr,ACSM2A,0.62
250,106,meth:TM4SF19,meth,TM4SF19,0.62
250,107,meth:NOL3,meth,NOL3,0.62
250,108,expr:TENT5C,expr,TENT5C,0.62
250,109,meth:KCNK1,meth,KCNK1,0.62
250,110,expr:AMER3,expr,AMER3,0.62
250,111,meth:RAB5A,meth,RAB5A,0.62
250,112,meth:SLC7A9,meth,SLC7A9,0.62
250,113,meth:ASPRV1,meth,ASPRV1,0.6
250,114,expr:LHX5,expr,LHX5,0.6
250,115,meth:GHRL,meth,GHRL,0.6
250,116,meth:CLRN1,meth,CLRN1,0.6
250,117,expr:MICB,expr,MICB,0.6
250,118,expr:TLR10,expr,TLR10,0.6
250,119,meth:MIR942,meth,MIR942,0.58
250,120,expr:IL12B,expr,IL12B,0.58
250,121,meth:SNORA71A,meth,SNORA71A,0.58
250,122,expr:CHAD,expr,CHAD,0.58
250,123,expr:RLN1,expr,RLN1,0.58
250,124,meth:CARD9,meth,CARD9,0.56
250,125,meth:PYGM,meth,PYGM,0.56
250,126,meth:FUT3,meth,FUT3,0.56
250,127,expr:GRPR,expr,GRPR,0.56
250,128,expr:CCL19,expr,CCL19,0.56
250,129,meth:MIR591,meth,MIR591,0.56
250,130,meth:CEL,meth,CEL,0.56
250,131,expr:BLNK,expr,BLNK,0.56
250,132,expr:JCHAIN,expr,JCHAIN,0.56
250,133,expr:ULBP2,expr,ULBP2,0.54
250,134,meth:TMC3,meth,TMC3,0.54
250,135,meth:ZFP112,meth,ZFP112,0.54
250,136,meth:CALML4,meth,CALML4,0.54
250,137,meth:HRH4,meth,HRH4,0.54
250,138,meth:UPP1,meth,UPP1,0.54
250,139,meth:GAL3ST2,meth,GAL3ST2,0.54
250,140,meth:HSPB7,meth,HSPB7,0.52
250,141,meth:TMEM213,meth,TMEM213,0.52
250,142,meth:CECR5,meth,CECR5,0.52
250,143,meth:C3orf64,meth,C3orf64,0.52
250,144,expr:CRYBA2,expr,CRYBA2,0.52
250,145,expr:IL2,expr,IL2,0.52
250,146,expr:ACOT1,expr,ACOT1,0.52
250,147,meth:NPPA,meth,NPPA,0.5
250,148,meth:TMEM195,meth,TMEM195,0.5
250,149,expr:IQCN,expr,IQCN,0.5
250,150,meth:LOC26102,meth,LOC26102,0.5
250,151,expr:MPP7,expr,MPP7,0.48
250,152,meth:ALDH8A1,meth,ALDH8A1,0.48
250,153,expr:SELL,expr,SELL,0.48
250,154,meth:MIR1537,meth,MIR1537,0.48
250,155,expr:MS4A1,expr,MS4A1,0.48
250,156,meth:RWDD2B,meth,RWDD2B,0.48
250,157,meth:ABAT,meth,ABAT,0.48
250,158,expr:AMPD1,expr,AMPD1,0.48
250,159,meth:LNX1,meth,LNX1,0.48
250,160,expr:RAB6B,expr,RAB6B,0.46
250,161,expr:HDGFL1,expr,HDGFL1,0.46
250,162,meth:TMED9,meth,TMED9,0.46
250,163,expr:P2RY14,expr,P2RY14,0.46
250,164,expr:VGF,expr,VGF,0.46
250,165,meth:OVGP1,meth,OVGP1,0.46
250,166,meth:SYNPO,meth,SYNPO,0.46
250,167,meth:MTVR2,meth,MTVR2,0.46
250,168,expr:ALDH1A2,expr,ALDH1A2,0.44
250,169,meth:SH3BP4,meth,SH3BP4,0.44
250,170,meth:NKPD1,meth,NKPD1,0.44
250,171,meth:MSLN,meth,MSLN,0.44
250,172,meth:NCOA1,meth,NCOA1,0.44
250,173,meth:C12orf63,meth,C12orf63,0.44
250,174,meth:PARP1,meth,PARP1,0.44
250,175,expr:GBP2,expr,GBP2,0.44
250,176,expr:FIBCD1,expr,FIBCD1,0.44
250,177,meth:MIR126,meth,MIR126,0.44
250,178,meth:JSRP1,meth,JSRP1,0.44
250,179,expr:CISH,expr,CISH,0.44
250,180,meth:EHD2,meth,EHD2,0.44
250,181,meth:MANEAL,meth,MANEAL,0.44
250,182,meth:C11orf64,meth,C11orf64,0.44
250,183,meth:C6orf15,meth,C6orf15,0.42
250,184,meth:TMEM105,meth,TMEM105,0.42
250,185,expr:CLEC17A,expr,CLEC17A,0.42
250,186,expr:THSD7B,expr,THSD7B,0.42
250,187,meth:FURIN,meth,FURIN,0.42
250,188,meth:ERMN,meth,ERMN,0.42
250,189,meth:MICAL2,meth,MICAL2,0.42
250,190,expr:CHRNA4,expr,CHRNA4,0.42
250,191,meth:CHRD,meth,CHRD,0.42
250,192,expr:CIB3,expr,CIB3,0.42
250,193,expr:ELOVL5,expr,ELOVL5,0.42
250,194,meth:S100A13,meth,S100A13,0.42
250,195,meth:LOC100128842,meth,LOC100128842,0.4
250,196,meth:SNCG,meth,SNCG,0.4
250,197,meth:LOC286238,meth,LOC286238,0.4
250,198,meth:ADNP,meth,ADNP,0.4
250,199,expr:SELE,expr,SELE,0.4
250,200,expr:SELP,expr,SELP,0.4
250,201,meth:SERPINC1,meth,SERPINC1,0.4
250,202,meth:EXTL3,meth,EXTL3,0.4
250,203,meth:PADI6,meth,PADI6,0.4
250,204,meth:CCDC30,meth,CCDC30,0.4
250,205,meth:GRIK2,meth,GRIK2,0.38
250,206,meth:NCRNA00219,meth,NCRNA00219,0.38
250,207,meth:WSB1,meth,WSB1,0.38
250,208,meth:MMRN2,meth,MMRN2,0.38
250,209,meth:PDILT,meth,PDILT,0.38
250,210,expr:NR4A3,expr,NR4A3,0.38
250,211,meth:DPEP1,meth,DPEP1,0.38
250,212,expr:GLRA2,expr,GLRA2,0.38
250,213,expr:TRPM2,expr,TRPM2,0.38
250,214,expr:CLIC6,expr,CLIC6,0.38
250,215,expr:GSTM4,expr,GSTM4,0.36
250,216,expr:FUZ,expr,FUZ,0.36
250,217,meth:CATSPERB,meth,CATSPERB,0.36
250,218,expr:TMEM92,expr,TMEM92,0.36
250,219,expr:LRRC3,expr,LRRC3,0.36
250,220,expr:INSM2,expr,INSM2,0.36
250,221,meth:LAMA3,meth,LAMA3,0.36
250,222,expr:STEAP2,expr,STEAP2,0.36
250,223,meth:HGF,meth,HGF,0.36
250,224,expr:SLURP1,expr,SLURP1,0.36
250,225,expr:ERFE,expr,ERFE,0.36
250,226,meth:S100A2,meth,S100A2,0.36
250,227,expr:SLC4A10,expr,SLC4A10,0.36
250,228,expr:TCHHL1,expr,TCHHL1,0.36
250,229,meth:KLK8,meth,KLK8,0.36
250,230,meth:MIR365-2,meth,MIR365-2,0.36
250,231,expr:ABCD2,expr,ABCD2,0.34
250,232,meth:SPSB1,meth,SPSB1,0.34
250,233,meth:KRT33A,meth,KRT33A,0.34
250,234,expr:PGBD5,expr,PGBD5,0.34
250,235,meth:GFPT1,meth,GFPT1,0.34
250,236,meth:PLA2G4D,meth,PLA2G4D,0.34
250,237,expr:PDCD4,expr,PDCD4,0.34
250,238,meth:CSF1R,meth,CSF1R,0.34
250,239,meth:LOC643008,meth,LOC643008,0.34
250,240,expr:RNF125,expr,RNF125,0.34
250,241,meth:CSTA,meth,CSTA,0.34
250,242,meth:ENTPD8,meth,ENTPD8,0.34
250,243,expr:THEMIS,expr,THEMIS,0.34
250,244,meth:CPNE6,meth,CPNE6,0.32
250,245,meth:LAMB3,meth,LAMB3,0.32
250,246,expr:CEL,expr,CEL,0.32
250,247,meth:SLC35C1,meth,SLC35C1,0.32
250,248,meth:KRTAP5-9,meth,KRTAP5-9,0.32
250,249,expr:TMEM229B,expr,TMEM229B,0.32
250,250,meth:FREQ,meth,FREQ,0.32
500,1,meth:CCDC89,meth,CCDC89,1.0
500,2,meth:AOC2,meth,AOC2,1.0
500,3,meth:HIST1H2BK,meth,HIST1H2BK,1.0
500,4,meth:SLC38A8,meth,SLC38A8,1.0
500,5,clin:stage,clin,stage,1.0
500,6,meth:SSC5D,meth,SSC5D,1.0
500,7,meth:C14orf49,meth,C14orf49,1.0
500,8,meth:ABCA1,meth,ABCA1,1.0
500,9,meth:BGLAP,meth,BGLAP,1.0
500,10,meth:LIMCH1,meth,LIMCH1,1.0
500,11,meth:C9orf131,meth,C9orf131,1.0
500,12,expr:FLT3,expr,FLT3,1.0
500,13,meth:ZNF710,meth,ZNF710,1.0
500,14,meth:LOC285045,meth,LOC285045,1.0
500,15,meth:CALML5,meth,CALML5,1.0
500,16,meth:FAM71F2,meth,FAM71F2,1.0
500,17,expr:CLEC9A,expr,CLEC9A,1.0
500,18,meth:EXPH5,meth,EXPH5,1.0
500,19,meth:MIR1284,meth,MIR1284,1.0
500,20,meth:MIR570,meth,MIR570,1.0
500,21,meth:USP28,meth,USP28,1.0
500,22,meth:MICALCL,meth,MICALCL,1.0
500,23,meth:ASAP1IT1,meth,ASAP1IT1,1.0
500,24,meth:TRPM1,meth,TRPM1,1.0
500,25,expr:ACSF2,expr,ACSF2,1.0
500,26,meth:MIR600,meth,MIR600,1.0
500,27,expr:ASIC1,expr,ASIC1,0.98
500,28,meth:CAPN13,meth,CAPN13,0.98
500,29,meth:BRF2,meth,BRF2,0.98
500,30,meth:DGUOK,meth,DGUOK,0.98
500,31,expr:LRRC2,expr,LRRC2,0.98
500,32,expr:PLAAT4,expr,PLAAT4,0.98
500,33,meth:IL17REL,meth,IL17REL,0.98
500,34,meth:EIF3G,meth,EIF3G,0.98
500,35,expr:BTG2,expr,BTG2,0.98
500,36,meth:CUL9,meth,CUL9,0.98
500,37,meth:TNNT2,meth,TNNT2,0.96
500,38,meth:LOC100129534,meth,LOC100129534,0.96
500,39,meth:C1QTNF3,meth,C1QTNF3,0.96
500,40,expr:ABCB1,expr,ABCB1,0.96
500,41,meth:SPRED2,meth,SPRED2,0.96
500,42,meth:ATP6V0A4,meth,ATP6V0A4,0.96
500,43,meth:PMEPA1,meth,PMEPA1,0.96
500,44,meth:MAPK8IP2,meth,MAPK8IP2,0.96
500,45,meth:QPRT,meth,QPRT,0.96
500,46,meth:ATF7,meth,ATF7,0.96
500,47,meth:EIF4G1,meth,EIF4G1,0.94
500,48,expr:CCDC9B,expr,CCDC9B,0.94
500,49,expr:RAI2,expr,RAI2,0.94
500,50,expr:LGI1,expr,LGI1,0.94
500,51,expr:ACSM2A,expr,ACSM2A,0.94
500,52,expr:GBP4,expr,GBP4,0.94
500,53,meth:MIR612,meth,MIR612,0.94
500,54,meth:SNORA71B,meth,SNORA71B,0.94
500,55,expr:SUSD3,expr,SUSD3,0.94
500,56,meth:LOC730755,meth,LOC730755,0.94
500,57,meth:BAIAP2L2,meth,BAIAP2L2,0.94
500,58,expr:LEF1,expr,LEF1,0.94
500,59,meth:SLC7A9,meth,SLC7A9,0.94
500,60,meth:AVIL,meth,AVIL,0.94
500,61,meth:ZNF280D,meth,ZNF280D,0.94
500,62,expr:B3GNT4,expr,B3GNT4,0.94
500,63,meth:NCOR2,meth,NCOR2,0.94
500,64,meth:BRD4,meth,BRD4,0.94
500,65,meth:CYB5R3,meth,CYB5R3,0.94
500,66,meth:ZNF532,meth,ZNF532,0.94
500,67,meth:CSF3,meth,CSF3,0.94
500,68,expr:RCOR2,expr,RCOR2,0.92
500,69,meth:KCNK1,meth,KCNK1,0.92
500,70,meth:A2ML1,meth,A2ML1,0.92
500,71,meth:F10,meth,F10,0.92
500,72,meth:CLRN1OS,meth,CLRN1OS,0.92
500,73,meth:HSD17B14,meth,HSD17B14,0.92
500,74,meth:LENEP,meth,LENEP,0.92
500,75,meth:CRISPLD2,meth,CRISPLD2,0.92
500,76,meth:C14orf182,meth,C14orf182,0.92
500,77,meth:SPINK7,meth,SPINK7,0.9
500,78,meth:NDUFB6,meth,NDUFB6,0.9
500,79,meth:RNASE1,meth,RNASE1,0.9
500,80,expr:CHAD,expr,CHAD,0.9
500,81,meth:LMAN1L,meth,LMAN1L,0.9
500,82,expr:LMO1,expr,LMO1,0.9
500,83,meth:NOL3,meth,NOL3,0.9
500,84,meth:RNASE6,meth,RNASE6,0.88
500,85,expr:STC2,expr,STC2,0.88
500,86,meth:MIR130B,meth,MIR130B,0.88
500,87,meth:RAB5A,meth,RAB5A,0.88
500,88,meth:SEC16B,meth,SEC16B,0.88
500,89,meth:LRRC17,meth,LRRC17,0.88
500,90,meth:TNXB,meth,TNXB,0.88
500,91,meth:TSPAN10,meth,TSPAN10,0.88
500,92,meth:MAFG,meth,MAFG,0.88
500,93,meth:CARD9,meth,CARD9,0.88
500,94,meth:DOCK9,meth,DOCK9,0.88
500,95,meth:SEPT9,meth,SEPT9,0.88
500,96,meth:SLFNL1,meth,SLFNL1,0.88
500,97,expr:ANKRD55,expr,ANKRD55,0.88
500,98,meth:ASPRV1,meth,ASPRV1,0.88
500,99,expr:AMER3,expr,AMER3,0.86
500,100,expr:TENT5C,expr,TENT5C,0.86
500,101,expr:OTOG,expr,OTOG,0.86
500,102,meth:KIAA0513,meth,KIAA0513,0.86
500,103,expr:PITPNM3,expr,PITPNM3,0.86
500,104,meth:MIR942,meth,MIR942,0.86
500,105,meth:GJC2,meth,GJC2,0.86
500,106,expr:RLN1,expr,RLN1,0.86
500,107,expr:BLNK,expr,BLNK,0.86
500,108,expr:CCL19,expr,CCL19,0.86
500,109,meth:C7orf29,meth,C7orf29,0.84
500,110,meth:GDPD4,meth,GDPD4,0.84
500,111,expr:MICB,expr,MICB,0.84
500,112,meth:CALML4,meth,CALML4,0.84
500,113,meth:CRYBB2,meth,CRYBB2,0.84
500,114,meth:HP,meth,HP,0.84
500,115,expr:LHX5,expr,LHX5,0.82
500,116,expr:CD69,expr,CD69,0.82
500,117,expr:AMPD1,expr,AMPD1,0.82
500,118,meth:ZFP112,meth,ZFP112,0.82
500,119,meth:HSPB7,meth,HSPB7,0.82
500,120,meth:GHRL,meth,GHRL,0.82
500,121,meth:MIR492,meth,MIR492,0.82
500,122,meth:OVGP1,meth,OVGP1,0.8
500,123,expr:TLR10,expr,TLR10,0.8
500,124,meth:QRFP,meth,QRFP,0.8
500,125,meth:TM4SF19,meth,TM4SF19,0.8
500,126,meth:CEL,meth,CEL,0.8
500,127,meth:MICAL2,meth,MICAL2,0.8
500,128,meth:SNORA71A,meth,SNORA71A,0.8
500,129,meth:LOC26102,meth,LOC26102,0.78
500,130,expr:IQCN,expr,IQCN,0.78
500,131,meth:RBP2,meth,RBP2,0.78
500,132,meth:PYGM,meth,PYGM,0.78
500,133,meth:CLRN1,meth,CLRN1,0.78
500,134,meth:UPP1,meth,UPP1,0.78
500,135,meth:NPPA,meth,NPPA,0.78
500,136,expr:CRYBA2,expr,CRYBA2,0.78
500,137,meth:FUT3,meth,FUT3,0.78
500,138,meth:TMEM213,meth,TMEM213,0.78
500,139,meth:HRH4,meth,HRH4,0.78
500,140,meth:TMC3,meth,TMC3,0.78
500,141,meth:ABAT,meth,ABAT,0.78
500,142,meth:LOC401387,meth,LOC401387,0.76
500,143,meth:RWDD2B,meth,RWDD2B,0.76
500,144,expr:GRPR,expr,GRPR,0.76
500,145,meth:RNF183,meth,RNF183,0.76
500,146,meth:CECR5,meth,CECR5,0.76
500,147,meth:C11orf64,meth,C11orf64,0.76
500,148,expr:SLC4A10,expr,SLC4A10,0.76
500,149,expr:IL12B,expr,IL12B,0.76
500,150,meth:C3orf64,meth,C3orf64,0.76
500,151,expr:ELOVL5,expr,ELOVL5,0.76
500,152,expr:CLEC17A,expr,CLEC17A,0.74
500,153,meth:SERPINC1,meth,SERPINC1,0.74
500,154,meth:SH3BP4,meth,SH3BP4,0.74
500,155,meth:GAL3ST2,meth,GAL3ST2,0.74
500,156,meth:C6orf15,meth,C6orf15,0.74
500,157,meth:ALDH8A1,meth,ALDH8A1,0.74
500,158,expr:MPP7,expr,MPP7,0.74
500,159,expr:IL2,expr,IL2,0.74
500,160,meth:KLK8,meth,KLK8,0.74
500,161,meth:SIGLEC1,meth,SIGLEC1,0.74
500,162,expr:ULBP2,expr,ULBP2,0.74
500,163,expr:JCHAIN,expr,JCHAIN,0.72
500,164,meth:TMED9,meth,TMED9,0.72
500,165,meth:SYNPO,meth,SYNPO,0.72
500,166,expr:THSD7B,expr,THSD7B,0.72
500,167,meth:MIR591,meth,MIR591,0.72
500,168,meth:JSRP1,meth,JSRP1,0.72
500,169,meth:LNX1,meth,LNX1,0.72
500,170,meth:PARP1,meth,PARP1,0.72
500,171,meth:MIR1537,meth,MIR1537,0.72
500,172,meth:MTVR2,meth,MTVR2,0.72
500,173,meth:DEF8,meth,DEF8,0.72
500,174,meth:CCDC30,meth,CCDC30,0.72
500,175,meth:NKPD1,meth,NKPD1,0.7
500,176,expr:SCUBE2,expr,SCUBE2,0.7
500,177,meth:EXTL3,meth,EXTL3,0.7
500,178,expr:TRPM2,expr,TRPM2,0.7
500,179,expr:CIB3,expr,CIB3,0.7
500,180,meth:ERMN,meth,ERMN,0.7
500,181,meth:TMEM105,meth,TMEM105,0.7
500,182,expr:GLRA2,expr,GLRA2,0.7
500,183,meth:SPSB1,meth,SPSB1,0.7
500,184,meth:MSLN,meth,MSLN,0.7
500,185,meth:ZBTB20,meth,ZBTB20,0.7
500,186,meth:ENTPD8,meth,ENTPD8,0.68
500,187,meth:DPEP1,meth,DPEP1,0.68
500,188,expr:MS4A1,expr,MS4A1,0.68
500,189,meth:MMRN2,meth,MMRN2,0.68
500,190,expr:ALDH1A2,expr,ALDH1A2,0.68
500,191,meth:SNCG,meth,SNCG,0.68
500,192,meth:S100A13,meth,S100A13,0.68
500,193,meth:TMEM195,meth,TMEM195,0.68
500,194,meth:HGF,meth,HGF,0.68
500,195,meth:ACCN3,meth,ACCN3,0.66
500,196,expr:GBP2,expr,GBP2,0.66
500,197,meth:WSB1,meth,WSB1,0.66
500,198,meth:ADNP,meth,ADNP,0.66
500,199,meth:LOC100128842,meth,LOC100128842,0.66
500,200,expr:TCHHL1,expr,TCHHL1,0.66
500,201,expr:NR4A3,expr,NR4A3,0.66
500,202,expr:TMEM92,expr,TMEM92,0.66
500,203,meth:MANEAL,meth,MANEAL,0.66
500,204,expr:CHRNA4,expr,CHRNA4,0.66
500,205,expr:TMEM229B,expr,TMEM229B,0.66
500,206,expr:ACOT1,expr,ACOT1,0.66
500,207,expr:SGCG,expr,SGCG,0.66
500,208,expr:CISH,expr,CISH,0.66
500,209,meth:LOC286238,meth,LOC286238,0.66
500,210,meth:C12orf63,meth,C12orf63,0.66
500,211,meth:PDILT,meth,PDILT,0.64
500,212,meth:NCRNA00219,meth,NCRNA00219,0.64
500,213,expr:SELL,expr,SELL,0.64
500,214,meth:S100A2,meth,S100A2,0.64
500,215,meth:FURIN,meth,FURIN,0.64
500,216,expr:VGF,expr,VGF,0.64
500,217,expr:PDCD4,expr,PDCD4,0.64
500,218,meth:NCOA1,meth,NCOA1,0.64
500,219,meth:EHD2,meth,EHD2,0.64
500,220,meth:CATSPERB,meth,CATSPERB,0.64
500,221,expr:GSTM4,expr,GSTM4,0.62
500,222,expr:CLEC4F,expr,CLEC4F,0.62
500,223,expr:HDGFL1,expr,HDGFL1,0.62
500,224,meth:C3orf74,meth,C3orf74,0.62
500,225,expr:FIBCD1,expr,FIBCD1,0.62
500,226,expr:CLIC6,expr,CLIC6,0.62
500,227,meth:MIR126,meth,MIR126,0.62
500,228,expr:EGR3,expr,EGR3,0.62
500,229,meth:LOC150568,meth,LOC150568,0.62
500,230,expr:FUZ,expr,FUZ,0.62
500,231,meth:LDLRAD2,meth,LDLRAD2,0.62
500,232,meth:SH3D19,meth,SH3D19,0.6
500,233,meth:CSTA,meth,CSTA,0.6
500,234,expr:INSM2,expr,INSM2,0.6
500,235,expr:LRRC3,expr,LRRC3,0.6
500,236,meth:LOC643008,meth,LOC643008,0.6
500,237,meth:RD3,meth,RD3,0.6
500,238,expr:PAX6,expr,PAX6,0.6
500,239,expr:QRFP,expr,QRFP,0.6
500,240,expr:SELP,expr,SELP,0.6
500,241,meth:LAMA3,meth,LAMA3,0.6
500,242,expr:SELE,expr,SELE,0.6
500,243,expr:P2RY14,expr,P2RY14,0.6
500,244,meth:PADI6,meth,PADI6,0.6
500,245,meth:SLC35C1,meth,SLC35C1,0.6
500,246,expr:ABCA10,expr,ABCA10,0.6
500,247,meth:TJAP1,meth,TJAP1,0.6
500,248,expr:RNF125,expr,RNF125,0.6
500,249,expr:NAT8,expr,NAT8,0.6
500,250,meth:CSF1R,meth,CSF1R,0.58
500,251,expr:RAB6B,expr,RAB6B,0.58
500,252,expr:ERFE,expr,ERFE,0.58
500,253,meth:C9orf117,meth,C9orf117,0.58
500,254,meth:CHRD,meth,CHRD,0.58
500,255,meth:CDK14,meth,CDK14,0.58
500,256,meth:USP47,meth,USP47,0.58
500,257,meth:RNF133,meth,RNF133,0.58
500,258,meth:FREQ,meth,FREQ,0.58
500,259,expr:PGLYRP2,expr,PGLYRP2,0.58
500,260,meth:UNC93B1,meth,UNC93B1,0.58
500,261,meth:MAB21L1,meth,MAB21L1,0.58
500,262,meth:C12orf77,meth,C12orf77,0.58
500,263,meth:KRT33A,meth,KRT33A,0.58
500,264,meth:LAMB3,meth,LAMB3,0.58
500,265,meth:PLA2G4D,meth,PLA2G4D,0.56
500,266,meth:LRP2BP,meth,LRP2BP,0.56
500,267,expr:PDE6C,expr,PDE6C,0.56
500,268,meth:MIR365-2,meth,MIR365-2,0.56
500,269,meth:ZFATAS,meth,ZFATAS,0.56
500,270,expr:CEL,expr,CEL,0.56
500,271,meth:GFPT1,meth,GFPT1,0.56
500,272,expr:SLURP1,expr,SLURP1,0.56
500,273,meth:PBXIP1,meth,PBXIP1,0.56
500,274,meth:PRAME,meth,PRAME,0.56
500,275,meth:FAM102A,meth,FAM102A,0.56
500,276,expr:XCR1,expr,XCR1,0.56
500,277,expr:EMCN,expr,EMCN,0.56
500,278,expr:LCN1,expr,LCN1,0.56
500,279,meth:C1orf180,meth,C1orf180,0.56
500,280,expr:CD79A,expr,CD79A,0.56
500,281,expr:STEAP2,expr,STEAP2,0.56
500,282,meth:SLC6A6,meth,SLC6A6,0.54
500,283,meth:SLC5A11,meth,SLC5A11,0.54
500,284,expr:THEMIS,expr,THEMIS,0.54
500,285,meth:HAMP,meth,HAMP,0.54
500,286,expr:CCL21,expr,CCL21,0.54
500,287,expr:CHPT1,expr,CHPT1,0.54
500,288,meth:MIR338,meth,MIR338,0.54
500,289,expr:SLC14A1,expr,SLC14A1,0.54
500,290,meth:C9orf98,meth,C9orf98,0.54
500,291,expr:STX11,expr,STX11,0.54
500,292,meth:PLEKHA6,meth,PLEKHA6,0.54
500,293,meth:KERA,meth,KERA,0.54
500,294,meth:C6orf191,meth,C6orf191,0.54
500,295,meth:GRIK2,meth,GRIK2,0.54
500,296,expr:ZNF649,expr,ZNF649,0.52
500,297,meth:C14orf139,meth,C14orf139,0.52
500,298,meth:CPNE6,meth,CPNE6,0.52
500,299,expr:ABCD2,expr,ABCD2,0.52
500,300,expr:CCNG2,expr,CCNG2,0.52
500,301,meth:TAS2R19,meth,TAS2R19,0.52
500,302,expr:ERAP2,expr,ERAP2,0.52
500,303,meth:KRTAP5-9,meth,KRTAP5-9,0.52
500,304,meth:DNMT3L,meth,DNMT3L,0.52
500,305,meth:COL17A1,meth,COL17A1,0.52
500,306,meth:BST2,meth,BST2,0.52
500,307,meth:LRRC55,meth,LRRC55,0.52
500,308,meth:NDUFS2,meth,NDUFS2,0.52
500,309,expr:TTC36,expr,TTC36,0.52
500,310,meth:ITGB4,meth,ITGB4,0.52
500,311,expr:TMEM45A,expr,TMEM45A,0.52
500,312,expr:SYCP3,expr,SYCP3,0.52
500,313,meth:CD36,meth,CD36,0.52
500,314,meth:TRPV3,meth,TRPV3,0.52
500,315,expr:PGBD5,expr,PGBD5,0.52
500,316,expr:EGR2,expr,EGR2,0.52
500,317,expr:SDCBP2,expr,SDCBP2,0.52
500,318,meth:HGFAC,meth,HGFAC,0.5
500,319,meth:GPR97,meth,GPR97,0.5
500,320,expr:RBM11,expr,RBM11,0.5
500,321,expr:IL33,expr,IL33,0.5
500,322,meth:SPIC,meth,SPIC,0.5
500,323,expr:SLC23A1,expr,SLC23A1,0.5
500,324,meth:TCP10L,meth,TCP10L,0.5
500,325,meth:GCNT3,meth,GCNT3,0.5
500,326,expr:ETV4,expr,ETV4,0.5
500,327,expr:PLXNB3,expr,PLXNB3,0.5
500,328,expr:DBX2,expr,DBX2,0.5
500,329,expr:UNC93A,expr,UNC93A,0.5
500,330,expr:IL6ST,expr,IL6ST,0.5
500,331,meth:LOC440957,meth,LOC440957,0.5
500,332,expr:L1CAM,expr,L1CAM,0.5
500,333,meth:CTNND1,meth,CTNND1,0.48
500,334,expr:TMEM156,expr,TMEM156,0.48
500,335,expr:PTGER3,expr,PTGER3,0.48
500,336,meth:NCCRP1,meth,NCCRP1,0.48
500,337,expr:PLAAT1,expr,PLAAT1,0.48
500,338,meth:GZMM,meth,GZMM,0.48
500,339,expr:CTSV,expr,CTSV,0.48
500,340,meth:GTF2IRD1,meth,GTF2IRD1,0.48
500,341,meth:CCDC86,meth,CCDC86,0.48
500,342,expr:ABI3BP,expr,ABI3BP,0.48
500,343,expr:APOBEC3G,expr,APOBEC3G,0.48
500,344,expr:RHO,expr,RHO,0.48
500,345,meth:CCL7,meth,CCL7,0.48
500,346,expr:CLIC2,expr,CLIC2,0.48
500,347,meth:C15orf52,meth,C15orf52,0.48
500,348,meth:C10orf110,meth,C10orf110,0.48
500,349,meth:CA9,meth,CA9,0.48
500,350,expr:BLK,expr,BLK,0.48
500,351,expr:MYBPC1,expr,MYBPC1,0.48
500,352,meth:RAPSN,meth,RAPSN,0.48
500,353,meth:PDE7B,meth,PDE7B,0.46
500,354,meth:PRKD3,meth,PRKD3,0.46
500,355,expr:GIMAP7,expr,GIMAP7,0.46
500,356,expr:CCL22,expr,CCL22,0.46
500,357,expr:CD226,expr,CD226,0.46
500,358,meth:DKK4,meth,DKK4,0.46
500,359,meth:ADHFE1,meth,ADHFE1,0.46
500,360,meth:PRHOXNB,meth,PRHOXNB,0.46
500,361,meth:ANGPT2,meth,ANGPT2,0.46
500,362,expr:F2RL2,expr,F2RL2,0.46
500,363,meth:MIR1276,meth,MIR1276,0.46
500,364,meth:ABCC13,meth,ABCC13,0.46
500,365,expr:RIPK3,expr,RIPK3,0.44
500,366,meth:PRKAG3,meth,PRKAG3,0.44
500,367,meth:TGM5,meth,TGM5,0.44
500,368,meth:LIPI,meth,LIPI,0.44
500,369,expr:RASGRP1,expr,RASGRP1,0.44
500,370,expr:MBOAT1,expr,MBOAT1,0.44
500,371,meth:MTMR6,meth,MTMR6,0.44
500,372,meth:BEST2,meth,BEST2,0.44
500,373,expr:SCN7A,expr,SCN7A,0.44
500,374,meth:CHRNA10,meth,CHRNA10,0.44
500,375,expr:CHST6,expr,CHST6,0.44
500,376,expr:UBE2L6,expr,UBE2L6,0.44
500,377,meth:PCDHGA10,meth,PCDHGA10,0.44
500,378,expr:POU3F2,expr,POU3F2,0.44
500,379,meth:SLC9A10,meth,SLC9A10,0.44
500,380,expr:FCRL3,expr,FCRL3,0.44
500,381,meth:MFSD2A,meth,MFSD2A,0.44
500,382,meth:LRRN4CL,meth,LRRN4CL,0.44
500,383,expr:WNK4,expr,WNK4,0.44
500,384,expr:TMEM196,expr,TMEM196,0.44
500,385,expr:BTLA,expr,BTLA,0.44
500,386,meth:BOLA3,meth,BOLA3,0.44
500,387,expr:RGS20,expr,RGS20,0.44
500,388,meth:MYO15A,meth,MYO15A,0.42
500,389,expr:CDHR2,expr,CDHR2,0.42
500,390,meth:OR8S1,meth,OR8S1,0.42
500,391,expr:HYAL4,expr,HYAL4,0.42
500,392,meth:NRIP2,meth,NRIP2,0.42
500,393,meth:C1orf157,meth,C1orf157,0.42
500,394,meth:C22orf28,meth,C22orf28,0.42
500,395,meth:LOC100130933,meth,LOC100130933,0.42
500,396,meth:SNORD111B,meth,SNORD111B,0.42
500,397,expr:PPFIA3,expr,PPFIA3,0.42
500,398,expr:WLS,expr,WLS,0.42
500,399,expr:CLIC5,expr,CLIC5,0.42
500,400,meth:GHRH,meth,GHRH,0.42
500,401,meth:NCRNA00161,meth,NCRNA00161,0.42
500,402,expr:NCS1,expr,NCS1,0.42
500,403,expr:PRDM12,expr,PRDM12,0.42
500,404,expr:COL6A6,expr,COL6A6,0.4
500,405,expr:KCNIP1,expr,KCNIP1,0.4
500,406,expr:GSTM2,expr,GSTM2,0.4
500,407,meth:SELE,meth,SELE,0.4
500,408,expr:CYP4F12,expr,CYP4F12,0.4
500,409,meth:LOC93432,meth,LOC93432,0.4
500,410,meth:MIR199A1,meth,MIR199A1,0.4
500,411,expr:ARHGEF6,expr,ARHGEF6,0.4
500,412,expr:TESPA1,expr,TESPA1,0.4
500,413,meth:SCG5,meth,SCG5,0.4
500,414,meth:HIGD1C,meth,HIGD1C,0.4
500,415,expr:P2RY12,expr,P2RY12,0.4
500,416,meth:GALM,meth,GALM,0.4
500,417,expr:PLA2G10,expr,PLA2G10,0.4
500,418,meth:NCRNA00112,meth,NCRNA00112,0.4
500,419,expr:ACSM2B,expr,ACSM2B,0.4
500,420,meth:MTPAP,meth,MTPAP,0.4
500,421,meth:SNORD59B,meth,SNORD59B,0.4
500,422,expr:CAMK4,expr,CAMK4,0.4
500,423,meth:RBM47,meth,RBM47,0.38
500,424,meth:ITPRIPL2,meth,ITPRIPL2,0.38
500,425,meth:FAM13A,meth,FAM13A,0.38
500,426,expr:SIAH2,expr,SIAH2,0.38
500,427,expr:WNT3A,expr,WNT3A,0.38
500,428,expr:INPP4B,expr,INPP4B,0.38
500,429,expr:IFIT5,expr,IFIT5,0.38
500,430,meth:EMP1,meth,EMP1,0.38
500,431,meth:FAM12B,meth,FAM12B,0.38
500,432,expr:IFNG,expr,IFNG,0.38
500,433,expr:CNTD1,expr,CNTD1,0.38
500,434,expr:TPBGL,expr,TPBGL,0.38
500,435,meth:SNORA71C,meth,SNORA71C,0.38
500,436,meth:KSR1,meth,KSR1,0.38
500,437,expr:TNN,expr,TNN,0.38
500,438,meth:PCDHGA6,meth,PCDHGA6,0.38
500,439,meth:AMZ1,meth,AMZ1,0.38
500,440,expr:PROX2,expr,PROX2,0.38
500,441,expr:ALDH2,expr,ALDH2,0.38
500,442,meth:CST11,meth,CST11,0.38
500,443,meth:S100A3,meth,S100A3,0.38
500,444,expr:CD300LG,expr,CD300LG,0.38
500,445,expr:SP5,expr,SP5,0.38
500,446,meth:COL6A3,meth,COL6A3,0.38
500,447,meth:LGALS12,meth,LGALS12,0.38
500,448,meth:FOLR2,meth,FOLR2,0.38
500,449,expr:ITGAL,expr,ITGAL,0.38
500,450,meth:GPR56,meth,GPR56,0.38
500,451,meth:NR2E3,meth,NR2E3,0.38
500,452,meth:WHAMM,meth,WHAMM,0.36
500,453,meth:SMTNL1,meth,SMTNL1,0.36
500,454,meth:SLC13A1,meth,SLC13A1,0.36
500,455,meth:CAMKK1,meth,CAMKK1,0.36
500,456,expr:PRR7,expr,PRR7,0.36
500,457,meth:ZP1,meth,ZP1,0.36
500,458,expr:SAMD9L,expr,SAMD9L,0.36
500,459,expr:ADHFE1,expr,ADHFE1,0.36
500,460,expr:CREG2,expr,CREG2,0.36
500,461,meth:S100A1,meth,S100A1,0.36
500,462,expr:GPR78,expr,GPR78,0.36
500,463,meth:FANCA,meth,FANCA,0.36
500,464,expr:ITM2A,expr,ITM2A,0.36
500,465,meth:USP50,meth,USP50,0.36
500,466,meth:CSRNP3,meth,CSRNP3,0.36
500,467,expr:CDK5R1,expr,CDK5R1,0.36
500,468,meth:PLA2G3,meth,PLA2G3,0.36
500,469,meth:TAS2R46,meth,TAS2R46,0.36
500,470,expr:CELF4,expr,CELF4,0.36
500,471,meth:C5orf46,meth,C5orf46,0.36
500,472,meth:OPN1SW,meth,OPN1SW,0.36
500,473,meth:NACAP1,meth,NACAP1,0.36
500,474,meth:MIR623,meth,MIR623,0.36
500,475,meth:C13orf26,meth,C13orf26,0.36
500,476,meth:ABCB11,meth,ABCB11,0.36
500,477,meth:VCAM1,meth,VCAM1,0.36
500,478,meth:SIPA1L1,meth,SIPA1L1,0.34
500,479,meth:SFT2D3,meth,SFT2D3,0.34
500,480,expr:TMEM225B,expr,TMEM225B,0.34
500,481,meth:PPP1R16A,meth,PPP1R16A,0.34
500,482,meth:SORBS2,meth,SORBS2,0.34
500,483,meth:C2orf68,meth,C2orf68,0.34
500,484,meth:NRN1L,meth,NRN1L,0.34
500,485,meth:TREM1,meth,TREM1,0.34
500,486,meth:SELENBP1,meth,SELENBP1,0.34
500,487,expr:CACNG1,expr,CACNG1,0.34
500,488,meth:STOM,meth,STOM,0.34
500,489,expr:TMEM255A,expr,TMEM255A,0.34
500,490,expr:CLNK,expr,CLNK,0.34
500,491,meth:HDC,meth,HDC,0.34
500,492,meth:MRVI1,meth,MRVI1,0.34
500,493,expr:ADAMTS8,expr,ADAMTS8,0.34
500,494,expr:MAP2K6,expr,MAP2K6,0.34
500,495,meth:MIR1251,meth,MIR1251,0.34
500,496,meth:FAM167B,meth,FAM167B,0.34
500,497,meth:MMP20,meth,MMP20,0.34
500,498,meth:SNORD36C,meth,SNORD36C,0.34
500,499,expr:PARD3B,expr,PARD3B,0.34
500,500,meth:C2orf58,meth,C2orf58,0.34
